{"a": 0.082, "b": 0.015, "c": 0.027, "d": 0.043, "e": 0.013, "f": 0.022, "g": 0.02, "h": 0.062, "i": 0.069, "j": 0.0015, "k": 0.0078, "l": 0.041, "m": 0.025, "n": 0.067, "o": 0.078, "p": 0.019, "q": 0.00096, "r": 0.059, "s": 0.062, "t": 0.096, "u": 0.027, "v": 0.0097, "w": 0.024, "x": 0.0015, "y": 0.02, "z": 0.00078}